cell	label	x	y	z	block	properties	material_mode	framedDrawerModelData	divider_visible	native_child	dynamic_state
A1	framed 1 north	164	100	164	functionalstorage:framed_1	facing=north,subfacing=down,locked=false	styled	particle=minecraft:oak_planks;side=minecraft:oak_planks;front=minecraft:bricks;front_divider=minecraft:gold_block	no	-	none-injected
A2	framed 2 east locked	170	100	164	functionalstorage:framed_2	facing=east,subfacing=down,locked=true	styled	particle=minecraft:oak_planks;side=minecraft:oak_planks;front=minecraft:bricks;front_divider=minecraft:gold_block	yes	-	none-injected
A3	framed 4 south inverted	176	100	164	functionalstorage:framed_4	facing=south,subfacing=up,locked=false	styled	particle=minecraft:oak_planks;side=minecraft:oak_planks;front=minecraft:bricks;front_divider=minecraft:gold_block	yes	-	none-injected
A4	compacting west inverted locked	182	100	164	functionalstorage:compacting_framed_drawer	facing=west,subfacing=up,locked=true	styled	particle=minecraft:oak_planks;side=minecraft:oak_planks;front=minecraft:bricks;front_divider=minecraft:gold_block	yes	-	none-injected
B1	simple compacting floor north	164	100	170	functionalstorage:framed_simple_compacting_drawer	facing=down,subfacing=north,locked=false	styled	particle=minecraft:oak_planks;side=minecraft:oak_planks;front=minecraft:bricks;front_divider=minecraft:gold_block	yes	-	none-injected
B2	fluid 1 ceiling locked empty	170	100	170	functionalstorage:framed_fluid_1	facing=up,subfacing=down,locked=true	styled	particle=minecraft:oak_planks;side=minecraft:oak_planks;front=minecraft:bricks;front_divider=minecraft:gold_block	no	tank	empty-fluid
B3	fluid 2 floor east empty	176	100	170	functionalstorage:framed_fluid_2	facing=down,subfacing=east,locked=false	styled	particle=minecraft:oak_planks;side=minecraft:oak_planks;front=minecraft:bricks;front_divider=minecraft:gold_block	yes	tank	empty-fluid
B4	fluid 4 floor south locked empty	182	100	170	functionalstorage:framed_fluid_4	facing=down,subfacing=south,locked=true	styled	particle=minecraft:oak_planks;side=minecraft:oak_planks;front=minecraft:bricks;front_divider=minecraft:gold_block	yes	tank	empty-fluid
C1	storage controller west	164	100	176	functionalstorage:framed_storage_controller	subfacing=west	styled	particle=minecraft:oak_planks;side=minecraft:oak_planks;front=minecraft:bricks;front_divider=minecraft:gold_block	no	display	none-injected
C2	controller extension east	170	100	176	functionalstorage:framed_controller_extension	subfacing=east	styled	particle=minecraft:oak_planks;side=minecraft:oak_planks;front=minecraft:bricks;front_divider=minecraft:gold_block	no	display	none-injected
C3	unstyled framed 1 native shell	176	100	176	functionalstorage:framed_1	facing=down,subfacing=west,locked=false	unstyled	{}	no	-	none-injected
C4	ordinary oak 1 stock control	182	100	176	functionalstorage:oak_1	facing=north,subfacing=down,locked=false	stock	-	no	-	none-injected
